data,filial_id,filial_nome,produto_canonico,valor_total_brl,volume_estimado_litros
2025-03-01,F001,Posto Bandeirantes,Gasolina Comum,3115,495.23052464228937
2025-03-03,F001,Posto Bandeirantes,Gasolina Comum,3331,529.570747217806
2025-03-04,F001,Posto Bandeirantes,Gasolina Comum,3208,510.01589825119237
2025-03-05,F001,Posto Bandeirantes,Gasolina Comum,3423,544.1971383147853
2025-03-06,F001,Posto Bandeirantes,Gasolina Comum,3300,524.6422893481717
2025-03-07,F001,Posto Bandeirantes,Gasolina Comum,3177,505.08744038155805
2025-03-08,F001,Posto Bandeirantes,Gasolina Comum,3392,539.2686804451511
2025-03-10,F001,Posto Bandeirantes,Gasolina Comum,3269,519.7138314785374
2025-03-11,F001,Posto Bandeirantes,Gasolina Comum,3146,500.1589825119237
2025-03-12,F001,Posto Bandeirantes,Gasolina Comum,3362,534.4992050874404
2025-03-13,F001,Posto Bandeirantes,Gasolina Comum,3238,514.785373608903
2025-03-14,F001,Posto Bandeirantes,Gasolina Comum,3115,495.23052464228937
2025-03-15,F001,Posto Bandeirantes,Gasolina Comum,3331,529.570747217806
2025-03-17,F001,Posto Bandeirantes,Gasolina Comum,3208,510.01589825119237
2025-03-18,F001,Posto Bandeirantes,Gasolina Comum,3423,544.1971383147853
2025-03-19,F001,Posto Bandeirantes,Gasolina Comum,3300,524.6422893481717
2025-03-20,F001,Posto Bandeirantes,Gasolina Comum,3177,505.08744038155805
2025-03-21,F001,Posto Bandeirantes,Gasolina Comum,3392,539.2686804451511
2025-03-22,F001,Posto Bandeirantes,Gasolina Comum,3269,519.7138314785374
2025-03-24,F001,Posto Bandeirantes,Gasolina Comum,3146,500.1589825119237
2025-03-25,F001,Posto Bandeirantes,Gasolina Comum,3362,534.4992050874404
2025-03-26,F001,Posto Bandeirantes,Gasolina Comum,3238,514.785373608903
2025-03-27,F001,Posto Bandeirantes,Gasolina Comum,3115,495.23052464228937
2025-03-28,F001,Posto Bandeirantes,Gasolina Comum,3331,529.570747217806
2025-03-29,F001,Posto Bandeirantes,Gasolina Comum,3208,510.01589825119237
2025-03-31,F001,Posto Bandeirantes,Gasolina Comum,3424,544.356120826709
2025-03-01,F001,Posto Bandeirantes,Etanol,1558,379.07542579075425
2025-03-03,F001,Posto Bandeirantes,Etanol,1692,411.67883211678827
2025-03-04,F001,Posto Bandeirantes,Etanol,1615,392.94403892944035
2025-03-05,F001,Posto Bandeirantes,Etanol,1538,374.20924574209243
2025-03-06,F001,Posto Bandeirantes,Etanol,1673,407.0559610705596
2025-03-07,F001,Posto Bandeirantes,Etanol,1596,388.3211678832117
2025-03-08,F001,Posto Bandeirantes,Etanol,1519,369.5863746958637
2025-03-10,F001,Posto Bandeirantes,Etanol,1654,402.43309002433085
2025-03-11,F001,Posto Bandeirantes,Etanol,1577,383.69829683698293
2025-03-12,F001,Posto Bandeirantes,Etanol,1712,416.5450121654501
2025-03-13,F001,Posto Bandeirantes,Etanol,1635,397.81021897810217
2025-03-14,F001,Posto Bandeirantes,Etanol,1558,379.07542579075425
2025-03-15,F001,Posto Bandeirantes,Etanol,1692,411.67883211678827
2025-03-17,F001,Posto Bandeirantes,Etanol,1615,392.94403892944035
2025-03-18,F001,Posto Bandeirantes,Etanol,1538,374.20924574209243
2025-03-19,F001,Posto Bandeirantes,Etanol,1673,407.0559610705596
2025-03-20,F001,Posto Bandeirantes,Etanol,1596,388.3211678832117
2025-03-21,F001,Posto Bandeirantes,Etanol,1519,369.5863746958637
2025-03-22,F001,Posto Bandeirantes,Etanol,1654,402.43309002433085
2025-03-24,F001,Posto Bandeirantes,Etanol,1577,383.69829683698293
2025-03-25,F001,Posto Bandeirantes,Etanol,1712,416.5450121654501
2025-03-26,F001,Posto Bandeirantes,Etanol,1635,397.81021897810217
2025-03-27,F001,Posto Bandeirantes,Etanol,1558,379.07542579075425
2025-03-28,F001,Posto Bandeirantes,Etanol,1692,411.67883211678827
2025-03-29,F001,Posto Bandeirantes,Etanol,1615,392.94403892944035
2025-03-31,F001,Posto Bandeirantes,Etanol,1597,388.56447688564475
2025-03-01,F001,Posto Bandeirantes,Diesel S10,2323,355.1987767584098
2025-03-03,F001,Posto Bandeirantes,Diesel S10,2231,341.13149847094803
2025-03-04,F001,Posto Bandeirantes,Diesel S10,2392,365.7492354740061
2025-03-05,F001,Posto Bandeirantes,Diesel S10,2300,351.68195718654437
2025-03-06,F001,Posto Bandeirantes,Diesel S10,2462,376.4525993883792
2025-03-07,F001,Posto Bandeirantes,Diesel S10,2369,362.23241590214064
2025-03-08,F001,Posto Bandeirantes,Diesel S10,2277,348.1651376146789
2025-03-10,F001,Posto Bandeirantes,Diesel S10,2438,372.782874617737
2025-03-11,F001,Posto Bandeirantes,Diesel S10,2346,358.7155963302752
2025-03-12,F001,Posto Bandeirantes,Diesel S10,2254,344.64831804281346
2025-03-13,F001,Posto Bandeirantes,Diesel S10,2415,369.26605504587155
2025-03-14,F001,Posto Bandeirantes,Diesel S10,2323,355.1987767584098
2025-03-15,F001,Posto Bandeirantes,Diesel S10,2231,341.13149847094803
2025-03-17,F001,Posto Bandeirantes,Diesel S10,2392,365.7492354740061
2025-03-18,F001,Posto Bandeirantes,Diesel S10,2300,351.68195718654437
2025-03-19,F001,Posto Bandeirantes,Diesel S10,2462,376.4525993883792
2025-03-20,F001,Posto Bandeirantes,Diesel S10,2369,362.23241590214064
2025-03-21,F001,Posto Bandeirantes,Diesel S10,2277,348.1651376146789
2025-03-22,F001,Posto Bandeirantes,Diesel S10,2438,372.782874617737
2025-03-24,F001,Posto Bandeirantes,Diesel S10,2346,358.7155963302752
2025-03-25,F001,Posto Bandeirantes,Diesel S10,2254,344.64831804281346
2025-03-26,F001,Posto Bandeirantes,Diesel S10,2415,369.26605504587155
2025-03-27,F001,Posto Bandeirantes,Diesel S10,2323,355.1987767584098
2025-03-28,F001,Posto Bandeirantes,Diesel S10,2231,341.13149847094803
2025-03-29,F001,Posto Bandeirantes,Diesel S10,2392,365.7492354740061
2025-03-31,F001,Posto Bandeirantes,Diesel S10,2440,373.08868501529054
2025-03-01,F002,Auto Posto Central,Gasolina Comum,3365,534.9761526232114
2025-03-03,F002,Auto Posto Central,Gasolina Comum,3608,573.6089030206678
2025-03-04,F002,Auto Posto Central,Gasolina Comum,3469,551.510333863275
2025-03-05,F002,Auto Posto Central,Gasolina Comum,3712,590.1430842607314
2025-03-06,F002,Auto Posto Central,Gasolina Comum,3573,568.0445151033387
2025-03-07,F002,Auto Posto Central,Gasolina Comum,3435,546.1049284578696
2025-03-08,F002,Auto Posto Central,Gasolina Comum,3677,584.5786963434023
2025-03-10,F002,Auto Posto Central,Gasolina Comum,3538,562.4801271860096
2025-03-11,F002,Auto Posto Central,Gasolina Comum,3400,540.5405405405405
2025-03-12,F002,Auto Posto Central,Gasolina Comum,3642,579.0143084260732
2025-03-13,F002,Auto Posto Central,Gasolina Comum,3504,557.0747217806041
2025-03-14,F002,Auto Posto Central,Gasolina Comum,3365,534.9761526232114
2025-03-15,F002,Auto Posto Central,Gasolina Comum,3608,573.6089030206678
2025-03-17,F002,Auto Posto Central,Gasolina Comum,3469,551.510333863275
2025-03-18,F002,Auto Posto Central,Gasolina Comum,3712,590.1430842607314
2025-03-19,F002,Auto Posto Central,Gasolina Comum,3573,568.0445151033387
2025-03-20,F002,Auto Posto Central,Gasolina Comum,3435,546.1049284578696
2025-03-21,F002,Auto Posto Central,Gasolina Comum,3677,584.5786963434023
2025-03-22,F002,Auto Posto Central,Gasolina Comum,3538,562.4801271860096
2025-03-24,F002,Auto Posto Central,Gasolina Comum,3400,540.5405405405405
2025-03-25,F002,Auto Posto Central,Gasolina Comum,3642,579.0143084260732
2025-03-26,F002,Auto Posto Central,Gasolina Comum,3504,557.0747217806041
2025-03-27,F002,Auto Posto Central,Gasolina Comum,3365,534.9761526232114
2025-03-28,F002,Auto Posto Central,Gasolina Comum,3608,573.6089030206678
2025-03-29,F002,Auto Posto Central,Gasolina Comum,3469,551.510333863275
2025-03-31,F002,Auto Posto Central,Gasolina Comum,3712,590.1430842607314
2025-03-01,F002,Auto Posto Central,Etanol,2150,523.1143552311435
2025-03-03,F002,Auto Posto Central,Etanol,2338,568.8564476885645
2025-03-04,F002,Auto Posto Central,Etanol,2231,542.8223844282238
2025-03-05,F002,Auto Posto Central,Etanol,2123,516.5450121654501
2025-03-06,F002,Auto Posto Central,Etanol,2312,562.530413625304
2025-03-07,F002,Auto Posto Central,Etanol,2204,536.2530413625303
2025-03-08,F002,Auto Posto Central,Etanol,2096,509.97566909975666
2025-03-10,F002,Auto Posto Central,Etanol,2285,555.9610705596107
2025-03-11,F002,Auto Posto Central,Etanol,2177,529.683698296837
2025-03-12,F002,Auto Posto Central,Etanol,2365,575.4257907542578
2025-03-13,F002,Auto Posto Central,Etanol,2258,549.3917274939172
2025-03-14,F002,Auto Posto Central,Etanol,2150,523.1143552311435
2025-03-15,F002,Auto Posto Central,Etanol,2338,568.8564476885645
2025-03-17,F002,Auto Posto Central,Etanol,2231,542.8223844282238
2025-03-18,F002,Auto Posto Central,Etanol,2123,516.5450121654501
2025-03-19,F002,Auto Posto Central,Etanol,2312,562.530413625304
2025-03-20,F002,Auto Posto Central,Etanol,2204,536.2530413625303
2025-03-21,F002,Auto Posto Central,Etanol,2096,509.97566909975666
2025-03-22,F002,Auto Posto Central,Etanol,2285,555.9610705596107
2025-03-24,F002,Auto Posto Central,Etanol,2177,529.683698296837
2025-03-25,F002,Auto Posto Central,Etanol,2365,575.4257907542578
2025-03-26,F002,Auto Posto Central,Etanol,2258,549.3917274939172
2025-03-27,F002,Auto Posto Central,Etanol,2150,523.1143552311435
2025-03-28,F002,Auto Posto Central,Etanol,2338,568.8564476885645
2025-03-29,F002,Auto Posto Central,Etanol,2231,542.8223844282238
2025-03-31,F002,Auto Posto Central,Etanol,2203,536.0097323600972
2025-03-01,F002,Auto Posto Central,Diesel S10,2058,314.6788990825688
2025-03-03,F002,Auto Posto Central,Diesel S10,1981,302.9051987767584
2025-03-04,F002,Auto Posto Central,Diesel S10,2115,323.39449541284404
2025-03-05,F002,Auto Posto Central,Diesel S10,2038,311.62079510703364
2025-03-06,F002,Auto Posto Central,Diesel S10,2173,332.262996941896
2025-03-07,F002,Auto Posto Central,Diesel S10,2096,320.4892966360856
2025-03-08,F002,Auto Posto Central,Diesel S10,2019,308.7155963302752
2025-03-10,F002,Auto Posto Central,Diesel S10,2154,329.35779816513764
2025-03-11,F002,Auto Posto Central,Diesel S10,2077,317.5840978593272
2025-03-12,F002,Auto Posto Central,Diesel S10,2000,305.8103975535168
2025-03-13,F002,Auto Posto Central,Diesel S10,2135,326.4525993883792
2025-03-14,F002,Auto Posto Central,Diesel S10,2058,314.6788990825688
2025-03-15,F002,Auto Posto Central,Diesel S10,1981,302.9051987767584
2025-03-17,F002,Auto Posto Central,Diesel S10,2115,323.39449541284404
2025-03-18,F002,Auto Posto Central,Diesel S10,2038,311.62079510703364
2025-03-19,F002,Auto Posto Central,Diesel S10,2173,332.262996941896
2025-03-20,F002,Auto Posto Central,Diesel S10,2096,320.4892966360856
2025-03-21,F002,Auto Posto Central,Diesel S10,2019,308.7155963302752
2025-03-22,F002,Auto Posto Central,Diesel S10,2154,329.35779816513764
2025-03-24,F002,Auto Posto Central,Diesel S10,2077,317.5840978593272
2025-03-25,F002,Auto Posto Central,Diesel S10,2000,305.8103975535168
2025-03-26,F002,Auto Posto Central,Diesel S10,2135,326.4525993883792
2025-03-27,F002,Auto Posto Central,Diesel S10,2058,314.6788990825688
2025-03-28,F002,Auto Posto Central,Diesel S10,1981,302.9051987767584
2025-03-29,F002,Auto Posto Central,Diesel S10,2115,323.39449541284404
2025-03-31,F002,Auto Posto Central,Diesel S10,2154,329.35779816513764
2025-03-01,F003,Posto São João,Gasolina Comum,2596,412.7186009538951
2025-03-03,F003,Posto São João,Gasolina Comum,2785,442.7662957074722
2025-03-04,F003,Posto São João,Gasolina Comum,2677,425.59618441971384
2025-03-05,F003,Posto São João,Gasolina Comum,2865,455.48489666136726
2025-03-06,F003,Posto São João,Gasolina Comum,2758,438.4737678855326
2025-03-07,F003,Posto São João,Gasolina Comum,2650,421.30365659777425
2025-03-08,F003,Posto São João,Gasolina Comum,2838,451.1923688394277
2025-03-10,F003,Posto São João,Gasolina Comum,2731,434.181240063593
2025-03-11,F003,Posto São João,Gasolina Comum,2623,417.01112877583466
2025-03-12,F003,Posto São João,Gasolina Comum,2812,447.05882352941177
2025-03-13,F003,Posto São João,Gasolina Comum,2704,429.8887122416534
2025-03-14,F003,Posto São João,Gasolina Comum,2596,412.7186009538951
2025-03-15,F003,Posto São João,Gasolina Comum,2785,442.7662957074722
2025-03-17,F003,Posto São João,Gasolina Comum,2677,425.59618441971384
2025-03-18,F003,Posto São João,Gasolina Comum,2865,455.48489666136726
2025-03-19,F003,Posto São João,Gasolina Comum,2758,438.4737678855326
2025-03-20,F003,Posto São João,Gasolina Comum,2650,421.30365659777425
2025-03-21,F003,Posto São João,Gasolina Comum,2838,451.1923688394277
2025-03-22,F003,Posto São João,Gasolina Comum,2731,434.181240063593
2025-03-24,F003,Posto São João,Gasolina Comum,2623,417.01112877583466
2025-03-25,F003,Posto São João,Gasolina Comum,2812,447.05882352941177
2025-03-26,F003,Posto São João,Gasolina Comum,2704,429.8887122416534
2025-03-27,F003,Posto São João,Gasolina Comum,2596,412.7186009538951
2025-03-28,F003,Posto São João,Gasolina Comum,2785,442.7662957074722
2025-03-29,F003,Posto São João,Gasolina Comum,2677,425.59618441971384
2025-03-31,F003,Posto São João,Gasolina Comum,2864,455.3259141494436
2025-03-01,F003,Posto São João,Etanol,1415,344.28223844282235
2025-03-03,F003,Posto São João,Etanol,1523,370.55961070559607
2025-03-04,F003,Posto São João,Etanol,1462,355.7177615571776
2025-03-05,F003,Posto São João,Etanol,1400,340.632603406326
2025-03-06,F003,Posto São João,Etanol,1508,366.9099756690997
2025-03-07,F003,Posto São João,Etanol,1446,351.82481751824815
2025-03-08,F003,Posto São João,Etanol,1385,336.9829683698297
2025-03-10,F003,Posto São João,Etanol,1492,363.01703163017027
2025-03-11,F003,Posto São João,Etanol,1431,348.1751824817518
2025-03-12,F003,Posto São João,Etanol,1538,374.20924574209243
2025-03-13,F003,Posto São João,Etanol,1477,359.36739659367396
2025-03-14,F003,Posto São João,Etanol,1415,344.28223844282235
2025-03-15,F003,Posto São João,Etanol,1523,370.55961070559607
2025-03-17,F003,Posto São João,Etanol,1462,355.7177615571776
2025-03-18,F003,Posto São João,Etanol,1400,340.632603406326
2025-03-19,F003,Posto São João,Etanol,1508,366.9099756690997
2025-03-20,F003,Posto São João,Etanol,1446,351.82481751824815
2025-03-21,F003,Posto São João,Etanol,1385,336.9829683698297
2025-03-22,F003,Posto São João,Etanol,1492,363.01703163017027
2025-03-24,F003,Posto São João,Etanol,1431,348.1751824817518
2025-03-25,F003,Posto São João,Etanol,1538,374.20924574209243
2025-03-26,F003,Posto São João,Etanol,1477,359.36739659367396
2025-03-27,F003,Posto São João,Etanol,1415,344.28223844282235
2025-03-28,F003,Posto São João,Etanol,1523,370.55961070559607
2025-03-29,F003,Posto São João,Etanol,1462,355.7177615571776
2025-03-31,F003,Posto São João,Etanol,1446,351.82481751824815
2025-03-01,F003,Posto São João,Diesel S10,2546,389.2966360856269
2025-03-03,F003,Posto São João,Diesel S10,2423,370.4892966360856
2025-03-04,F003,Posto São João,Diesel S10,2638,403.3639143730887
2025-03-05,F003,Posto São João,Diesel S10,2515,384.5565749235474
2025-03-06,F003,Posto São João,Diesel S10,2731,417.5840978593272
2025-03-07,F003,Posto São João,Diesel S10,2608,398.77675840978594
2025-03-08,F003,Posto São João,Diesel S10,2485,379.96941896024464
2025-03-10,F003,Posto São João,Diesel S10,2700,412.8440366972477
2025-03-11,F003,Posto São João,Diesel S10,2577,394.0366972477064
2025-03-12,F003,Posto São João,Diesel S10,2454,375.22935779816515
2025-03-13,F003,Posto São João,Diesel S10,2669,408.1039755351682
2025-03-14,F003,Posto São João,Diesel S10,2546,389.2966360856269
2025-03-15,F003,Posto São João,Diesel S10,2423,370.4892966360856
2025-03-17,F003,Posto São João,Diesel S10,2638,403.3639143730887
2025-03-18,F003,Posto São João,Diesel S10,2515,384.5565749235474
2025-03-19,F003,Posto São João,Diesel S10,2731,417.5840978593272
2025-03-20,F003,Posto São João,Diesel S10,2608,398.77675840978594
2025-03-21,F003,Posto São João,Diesel S10,2485,379.96941896024464
2025-03-22,F003,Posto São João,Diesel S10,2700,412.8440366972477
2025-03-24,F003,Posto São João,Diesel S10,2577,394.0366972477064
2025-03-25,F003,Posto São João,Diesel S10,2454,375.22935779816515
2025-03-26,F003,Posto São João,Diesel S10,2669,408.1039755351682
2025-03-27,F003,Posto São João,Diesel S10,2546,389.2966360856269
2025-03-28,F003,Posto São João,Diesel S10,2423,370.4892966360856
2025-03-29,F003,Posto São João,Diesel S10,2638,403.3639143730887
2025-03-31,F003,Posto São João,Diesel S10,2701,412.99694189602445
2025-03-01,F004,Ipiranga Express,Gasolina Comum,2423,385.214626391097
2025-03-03,F004,Ipiranga Express,Gasolina Comum,2585,410.9697933227345
2025-03-04,F004,Ipiranga Express,Gasolina Comum,2492,396.18441971383146
2025-03-05,F004,Ipiranga Express,Gasolina Comum,2654,421.939586645469
2025-03-06,F004,Ipiranga Express,Gasolina Comum,2562,407.31319554848966
2025-03-07,F004,Ipiranga Express,Gasolina Comum,2469,392.52782193958666
2025-03-08,F004,Ipiranga Express,Gasolina Comum,2631,418.2829888712242
2025-03-10,F004,Ipiranga Express,Gasolina Comum,2538,403.4976152623211
2025-03-11,F004,Ipiranga Express,Gasolina Comum,2446,388.8712241653418
2025-03-12,F004,Ipiranga Express,Gasolina Comum,2608,414.6263910969793
2025-03-13,F004,Ipiranga Express,Gasolina Comum,2515,399.8410174880763
2025-03-14,F004,Ipiranga Express,Gasolina Comum,2423,385.214626391097
2025-03-15,F004,Ipiranga Express,Gasolina Comum,2585,410.9697933227345
2025-03-17,F004,Ipiranga Express,Gasolina Comum,2492,396.18441971383146
2025-03-18,F004,Ipiranga Express,Gasolina Comum,2654,421.939586645469
2025-03-19,F004,Ipiranga Express,Gasolina Comum,2562,407.31319554848966
2025-03-20,F004,Ipiranga Express,Gasolina Comum,2469,392.52782193958666
2025-03-21,F004,Ipiranga Express,Gasolina Comum,2631,418.2829888712242
2025-03-22,F004,Ipiranga Express,Gasolina Comum,2538,403.4976152623211
2025-03-24,F004,Ipiranga Express,Gasolina Comum,2446,388.8712241653418
2025-03-25,F004,Ipiranga Express,Gasolina Comum,2608,414.6263910969793
2025-03-26,F004,Ipiranga Express,Gasolina Comum,2515,399.8410174880763
2025-03-27,F004,Ipiranga Express,Gasolina Comum,2423,385.214626391097
2025-03-28,F004,Ipiranga Express,Gasolina Comum,2585,410.9697933227345
2025-03-29,F004,Ipiranga Express,Gasolina Comum,2492,396.18441971383146
2025-03-31,F004,Ipiranga Express,Gasolina Comum,2654,421.939586645469
2025-03-01,F004,Ipiranga Express,Etanol,1673,407.0559610705596
2025-03-03,F004,Ipiranga Express,Etanol,1808,439.90267639902675
2025-03-04,F004,Ipiranga Express,Etanol,1731,421.1678832116788
2025-03-05,F004,Ipiranga Express,Etanol,1654,402.43309002433085
2025-03-06,F004,Ipiranga Express,Etanol,1788,435.0364963503649
2025-03-07,F004,Ipiranga Express,Etanol,1712,416.5450121654501
2025-03-08,F004,Ipiranga Express,Etanol,1635,397.81021897810217
2025-03-10,F004,Ipiranga Express,Etanol,1769,430.41362530413625
2025-03-11,F004,Ipiranga Express,Etanol,1692,411.67883211678827
2025-03-12,F004,Ipiranga Express,Etanol,1827,444.5255474452554
2025-03-13,F004,Ipiranga Express,Etanol,1750,425.7907542579075
2025-03-14,F004,Ipiranga Express,Etanol,1673,407.0559610705596
2025-03-15,F004,Ipiranga Express,Etanol,1808,439.90267639902675
2025-03-17,F004,Ipiranga Express,Etanol,1731,421.1678832116788
2025-03-18,F004,Ipiranga Express,Etanol,1654,402.43309002433085
2025-03-19,F004,Ipiranga Express,Etanol,1788,435.0364963503649
2025-03-20,F004,Ipiranga Express,Etanol,1712,416.5450121654501
2025-03-21,F004,Ipiranga Express,Etanol,1635,397.81021897810217
2025-03-22,F004,Ipiranga Express,Etanol,1769,430.41362530413625
2025-03-24,F004,Ipiranga Express,Etanol,1692,411.67883211678827
2025-03-25,F004,Ipiranga Express,Etanol,1827,444.5255474452554
2025-03-26,F004,Ipiranga Express,Etanol,1750,425.7907542579075
2025-03-27,F004,Ipiranga Express,Etanol,1673,407.0559610705596
2025-03-28,F004,Ipiranga Express,Etanol,1808,439.90267639902675
2025-03-29,F004,Ipiranga Express,Etanol,1731,421.1678832116788
2025-03-31,F004,Ipiranga Express,Etanol,1710,416.05839416058393
2025-03-01,F004,Ipiranga Express,Diesel S10,1831,279.96941896024464
2025-03-03,F004,Ipiranga Express,Diesel S10,1769,270.4892966360856
2025-03-04,F004,Ipiranga Express,Diesel S10,1877,287.00305810397555
2025-03-05,F004,Ipiranga Express,Diesel S10,1815,277.5229357798165
2025-03-06,F004,Ipiranga Express,Diesel S10,1923,294.0366972477064
2025-03-07,F004,Ipiranga Express,Diesel S10,1862,284.7094801223242
2025-03-08,F004,Ipiranga Express,Diesel S10,1800,275.22935779816515
2025-03-10,F004,Ipiranga Express,Diesel S10,1908,291.74311926605503
2025-03-11,F004,Ipiranga Express,Diesel S10,1846,282.262996941896
2025-03-12,F004,Ipiranga Express,Diesel S10,1785,272.9357798165138
2025-03-13,F004,Ipiranga Express,Diesel S10,1892,289.2966360856269
2025-03-14,F004,Ipiranga Express,Diesel S10,1831,279.96941896024464
2025-03-15,F004,Ipiranga Express,Diesel S10,1769,270.4892966360856
2025-03-17,F004,Ipiranga Express,Diesel S10,1877,287.00305810397555
2025-03-18,F004,Ipiranga Express,Diesel S10,1815,277.5229357798165
2025-03-19,F004,Ipiranga Express,Diesel S10,1923,294.0366972477064
2025-03-20,F004,Ipiranga Express,Diesel S10,1862,284.7094801223242
2025-03-21,F004,Ipiranga Express,Diesel S10,1800,275.22935779816515
2025-03-22,F004,Ipiranga Express,Diesel S10,1908,291.74311926605503
2025-03-24,F004,Ipiranga Express,Diesel S10,1846,282.262996941896
2025-03-25,F004,Ipiranga Express,Diesel S10,1785,272.9357798165138
2025-03-26,F004,Ipiranga Express,Diesel S10,1892,289.2966360856269
2025-03-27,F004,Ipiranga Express,Diesel S10,1831,279.96941896024464
2025-03-28,F004,Ipiranga Express,Diesel S10,1769,270.4892966360856
2025-03-29,F004,Ipiranga Express,Diesel S10,1877,287.00305810397555
2025-03-31,F004,Ipiranga Express,Diesel S10,1907,291.5902140672783
2025-03-01,F005,Posto Litoral Norte,Gasolina Comum,4000,635.9300476947536
2025-03-03,F005,Posto Litoral Norte,Gasolina Comum,4323,687.281399046105
2025-03-04,F005,Posto Litoral Norte,Gasolina Comum,4138,657.8696343402225
2025-03-05,F005,Posto Litoral Norte,Gasolina Comum,4462,709.3799682034976
2025-03-06,F005,Posto Litoral Norte,Gasolina Comum,4277,679.9682034976153
2025-03-07,F005,Posto Litoral Norte,Gasolina Comum,4092,650.556438791733
2025-03-08,F005,Posto Litoral Norte,Gasolina Comum,4415,701.9077901430843
2025-03-10,F005,Posto Litoral Norte,Gasolina Comum,4231,672.6550079491255
2025-03-11,F005,Posto Litoral Norte,Gasolina Comum,4046,643.2432432432432
2025-03-12,F005,Posto Litoral Norte,Gasolina Comum,4369,694.5945945945946
2025-03-13,F005,Posto Litoral Norte,Gasolina Comum,4185,665.341812400636
2025-03-14,F005,Posto Litoral Norte,Gasolina Comum,4000,635.9300476947536
2025-03-15,F005,Posto Litoral Norte,Gasolina Comum,4323,687.281399046105
2025-03-17,F005,Posto Litoral Norte,Gasolina Comum,4138,657.8696343402225
2025-03-18,F005,Posto Litoral Norte,Gasolina Comum,4462,709.3799682034976
2025-03-19,F005,Posto Litoral Norte,Gasolina Comum,4277,679.9682034976153
2025-03-20,F005,Posto Litoral Norte,Gasolina Comum,4092,650.556438791733
2025-03-21,F005,Posto Litoral Norte,Gasolina Comum,4415,701.9077901430843
2025-03-22,F005,Posto Litoral Norte,Gasolina Comum,4231,672.6550079491255
2025-03-24,F005,Posto Litoral Norte,Gasolina Comum,4046,643.2432432432432
2025-03-25,F005,Posto Litoral Norte,Gasolina Comum,4369,694.5945945945946
2025-03-26,F005,Posto Litoral Norte,Gasolina Comum,4185,665.341812400636
2025-03-27,F005,Posto Litoral Norte,Gasolina Comum,4000,635.9300476947536
2025-03-28,F005,Posto Litoral Norte,Gasolina Comum,4323,687.281399046105
2025-03-29,F005,Posto Litoral Norte,Gasolina Comum,4138,657.8696343402225
2025-03-31,F005,Posto Litoral Norte,Gasolina Comum,4463,709.5389507154213
2025-03-01,F005,Posto Litoral Norte,Etanol,1081,263.0170316301703
2025-03-03,F005,Posto Litoral Norte,Etanol,1162,282.72506082725056
2025-03-04,F005,Posto Litoral Norte,Etanol,1115,271.28953771289537
2025-03-05,F005,Posto Litoral Norte,Etanol,1069,260.0973236009732
2025-03-06,F005,Posto Litoral Norte,Etanol,1150,279.8053527980535
2025-03-07,F005,Posto Litoral Norte,Etanol,1104,268.6131386861314
2025-03-08,F005,Posto Litoral Norte,Etanol,1058,257.4209245742092
2025-03-10,F005,Posto Litoral Norte,Etanol,1138,276.8856447688564
2025-03-11,F005,Posto Litoral Norte,Etanol,1092,265.6934306569343
2025-03-12,F005,Posto Litoral Norte,Etanol,1173,285.4014598540146
2025-03-13,F005,Posto Litoral Norte,Etanol,1127,274.20924574209243
2025-03-14,F005,Posto Litoral Norte,Etanol,1081,263.0170316301703
2025-03-15,F005,Posto Litoral Norte,Etanol,1162,282.72506082725056
2025-03-17,F005,Posto Litoral Norte,Etanol,1115,271.28953771289537
2025-03-18,F005,Posto Litoral Norte,Etanol,1069,260.0973236009732
2025-03-19,F005,Posto Litoral Norte,Etanol,1150,279.8053527980535
2025-03-20,F005,Posto Litoral Norte,Etanol,1104,268.6131386861314
2025-03-21,F005,Posto Litoral Norte,Etanol,1058,257.4209245742092
2025-03-22,F005,Posto Litoral Norte,Etanol,1138,276.8856447688564
2025-03-24,F005,Posto Litoral Norte,Etanol,1092,265.6934306569343
2025-03-25,F005,Posto Litoral Norte,Etanol,1173,285.4014598540146
2025-03-26,F005,Posto Litoral Norte,Etanol,1127,274.20924574209243
2025-03-27,F005,Posto Litoral Norte,Etanol,1081,263.0170316301703
2025-03-28,F005,Posto Litoral Norte,Etanol,1162,282.72506082725056
2025-03-29,F005,Posto Litoral Norte,Etanol,1115,271.28953771289537
2025-03-31,F005,Posto Litoral Norte,Etanol,1104,268.6131386861314
2025-03-01,F005,Posto Litoral Norte,Diesel S10,1562,238.83792048929664
2025-03-03,F005,Posto Litoral Norte,Diesel S10,1500,229.3577981651376
2025-03-04,F005,Posto Litoral Norte,Diesel S10,1608,245.87155963302752
2025-03-05,F005,Posto Litoral Norte,Diesel S10,1546,236.3914373088685
2025-03-06,F005,Posto Litoral Norte,Diesel S10,1654,252.9051987767584
2025-03-07,F005,Posto Litoral Norte,Diesel S10,1592,243.4250764525994
2025-03-08,F005,Posto Litoral Norte,Diesel S10,1531,234.09785932721712
2025-03-10,F005,Posto Litoral Norte,Diesel S10,1638,250.45871559633028
2025-03-11,F005,Posto Litoral Norte,Diesel S10,1577,241.131498470948
2025-03-12,F005,Posto Litoral Norte,Diesel S10,1515,231.65137614678898
2025-03-13,F005,Posto Litoral Norte,Diesel S10,1623,248.1651376146789
2025-03-14,F005,Posto Litoral Norte,Diesel S10,1562,238.83792048929664
2025-03-15,F005,Posto Litoral Norte,Diesel S10,1500,229.3577981651376
2025-03-17,F005,Posto Litoral Norte,Diesel S10,1608,245.87155963302752
2025-03-18,F005,Posto Litoral Norte,Diesel S10,1546,236.3914373088685
2025-03-19,F005,Posto Litoral Norte,Diesel S10,1654,252.9051987767584
2025-03-20,F005,Posto Litoral Norte,Diesel S10,1592,243.4250764525994
2025-03-21,F005,Posto Litoral Norte,Diesel S10,1531,234.09785932721712
2025-03-22,F005,Posto Litoral Norte,Diesel S10,1638,250.45871559633028
2025-03-24,F005,Posto Litoral Norte,Diesel S10,1577,241.131498470948
2025-03-25,F005,Posto Litoral Norte,Diesel S10,1515,231.65137614678898
2025-03-26,F005,Posto Litoral Norte,Diesel S10,1623,248.1651376146789
2025-03-27,F005,Posto Litoral Norte,Diesel S10,1562,238.83792048929664
2025-03-28,F005,Posto Litoral Norte,Diesel S10,1500,229.3577981651376
2025-03-29,F005,Posto Litoral Norte,Diesel S10,1608,245.87155963302752
2025-03-31,F005,Posto Litoral Norte,Diesel S10,1638,250.45871559633028
